<?xml version="1.0" encoding="UTF-8"?>
<project-private xmlns="http://www.netbeans.org/ns/project-private/1">
    <editor-bookmarks xmlns="http://www.netbeans.org/ns/editor-bookmarks/2" lastBookmarkId="0"/>
    <open-files xmlns="http://www.netbeans.org/ns/projectui-open-files/2">
        <group>
            <file>file:/E:/文件/大一下/物件導向程式設計/C111118223%20POS/2023.05.01%20RPG-POS/src/others/save.txt</file>
            <file>file:/E:/文件/大一下/物件導向程式設計/C111118223%20POS/2023.05.01%20RPG-POS/src/models/Ingrediate/IngrediateList.java</file>
            <file>file:/E:/文件/大一下/物件導向程式設計/C111118223%20POS/2023.05.01%20RPG-POS/src/models/Commodity/Commodity.java</file>
            <file>file:/E:/文件/大一下/物件導向程式設計/C111118223%20POS/2023.05.01%20RPG-POS/src/models/Manager/GameManager.java</file>
            <file>file:/E:/文件/大一下/物件導向程式設計/C111118223%20POS/2023.05.01%20RPG-POS/src/models/Manager/PaneManager.java</file>
            <file>file:/E:/文件/大一下/物件導向程式設計/C111118223%20POS/2023.05.01%20RPG-POS/src/models/DB/DBConnection.java</file>
            <file>file:/E:/文件/大一下/物件導向程式設計/C111118223%20POS/2023.05.01%20RPG-POS/src/models/Commodity/CommodityList.java</file>
        </group>
    </open-files>
</project-private>
